-650,-382,-650,0,0,1
-650,-382,0,0,0,1
-634,-382,3,0,0,1
-618,-382,6,0,0,1
-602,-382,10,0,0,1
-586,-382,13,0,0,1
-570,-382,16,0,0,1
-554,-382,20,0,0,1
-538,-382,23,0,0,1
-522,-382,26,0,0,1
-506,-382,29,0,0,1
-490,-382,33,0,0,1
-474,-382,36,0,0,1
-458,-382,39,0,0,1
-442,-382,43,0,0,1
-426,-382,46,0,0,1
-409,-382,49,0,0,1
-393,-382,53,0,0,1
-377,-382,56,0,0,1
-361,-382,59,0,0,1
-345,-382,63,0,0,1
-329,-382,66,0,0,1
-313,-382,69,0,0,1
-297,-382,73,0,0,1
-281,-382,76,0,0,1
-265,-382,79,0,0,1
-249,-382,83,0,0,1
-233,-382,86,0,0,1
-217,-382,89,0,0,1
-201,-382,93,0,0,1
-185,-382,96,0,0,1
-168,-382,99,0,0,1
-152,-382,0,1,0,1
-136,-382,3,1,0,1
-120,-382,6,1,0,1
-104,-382,10,1,0,1
-88,-382,13,1,0,1
-72,-382,16,1,0,1
-56,-382,20,1,0,1
-40,-382,23,1,0,1
-24,-382,26,1,0,1
-8,-382,30,1,0,1
8,-382,33,1,0,1
24,-382,36,1,0,0
40,-382,40,1,0,0
53,-382,40,1,0,0
66,-382,40,1,0,0
79,-382,40,1,0,0
91,-382,40,1,0,0
104,-382,40,1,1,0
117,-382,40,1,1,0
126,-382,36,0,1,0
136,-382,33,0,0,0
145,-382,30,0,0,0
158,-382,30,0,0,0
170,-382,30,0,0,1
183,-382,30,0,0,1
-514,-750,33,0,0,1
-510,-750,36,0,0,1
-482,-750,40,0,0,1
-454,-750,43,0,0,1
-425,-750,46,0,0,1
-397,-750,0,0,0,1
-369,-750,3,0,0,1
-340,-750,6,0,0,1
-312,-750,10,0,0,1
-284,-750,13,0,0,1
-255,-750,16,0,0,1
-227,-750,20,0,0,1
-199,-750,23,0,0,1
-170,-750,26,0,0,1
-142,-750,30,0,0,1
-114,-750,33,0,0,1
-85,-750,36,0,0,1
-457,-607,193,0,0,1
-650,-306,0,0,0,0
-647,-306,3,0,0,0
-637,-306,3,0,0,0
-627,-306,3,0,0,1
-617,-306,3,0,0,1
-603,-306,6,0,0,1
-589,-306,10,0,0,1
-576,-306,13,0,0,1
-562,-306,16,0,0,1
-549,-306,20,0,0,1
-535,-306,23,0,0,1
-522,-306,26,0,0,1
-508,-306,29,0,0,1
-495,-306,33,0,0,1
-481,-306,36,0,0,1
-468,-306,39,0,0,1
-454,-306,43,0,0,1
-441,-306,46,0,0,1
-427,-306,49,0,0,1
-414,-306,53,0,0,1
-400,-306,0,0,0,1
-386,-306,3,0,0,1
-373,-306,6,0,0,1
-359,-306,9,0,0,1
-346,-306,13,0,0,1
-332,-306,16,0,0,1
-319,-306,19,0,0,1
-305,-306,23,0,0,1
-292,-306,26,0,0,1
-278,-306,29,0,0,1
-265,-306,33,0,0,1
-251,-306,36,0,0,1
-238,-306,40,0,0,1
-224,-306,43,0,0,1
-211,-306,46,0,0,1
-197,-306,50,0,0,1
-183,-306,53,0,0,1
-170,-306,56,0,0,1
-156,-306,60,0,0,1
-143,-306,63,0,0,1
-129,-306,66,0,0,1
-116,-306,70,1,0,1
-102,-306,73,1,0,1
-89,-306,76,1,0,1
-75,-306,80,1,0,1
-62,-306,83,1,0,1
-48,-306,86,1,0,1
-35,-306,90,1,0,1
-21,-306,93,1,0,1
-8,-306,96,1,0,1
6,-306,0,1,0,1
20,-306,3,1,0,1
33,-306,6,1,0,0
47,-306,10,1,0,0
57,-306,10,1,1,0
67,-306,10,1,1,0
74,-306,6,1,1,0
81,-306,3,1,1,0
88,-306,0,1,0,0
94,-306,-4,1,0,0
105,-306,-4,0,0,1
115,-306,-4,0,0,1
128,-306,0,0,0,1
142,-306,3,0,0,1
155,-306,6,0,0,1
169,-306,10,0,0,1
183,-306,13,0,0,1
196,-306,16,0,0,1
210,-306,20,0,0,1
223,-306,23,0,0,1
233,-306,26,0,0,1
-464,-466,30,0,0,1
-460,-466,33,0,0,1
-442,-466,36,0,0,1
-423,-466,40,0,0,1
-404,-466,43,0,0,1
-385,-466,46,0,0,1
-366,-466,50,0,0,1
-347,-466,53,0,0,1
-328,-466,56,0,0,1
-310,-466,0,0,0,1
-291,-466,3,0,0,1
-272,-466,6,0,0,1
-253,-466,9,0,0,1
-234,-466,13,0,0,1
-215,-466,16,0,0,1
-196,-466,19,0,0,1
-178,-466,23,1,0,1
-159,-466,26,1,0,1
-140,-466,29,1,0,1
-121,-466,33,1,0,1
-102,-466,36,1,0,1
-83,-466,39,1,0,1
-64,-466,43,1,0,1
-45,-466,46,1,0,1
-27,-466,49,1,0,1
-8,-466,53,1,0,1
11,-466,56,1,0,1
30,-466,59,1,0,1
49,-466,63,1,0,0
68,-466,66,1,0,0
83,-466,66,1,0,0
99,-466,66,1,0,0
114,-466,66,1,0,0
130,-466,66,1,1,0
145,-466,66,1,1,0
158,-466,63,0,1,0
170,-466,59,0,1,0
182,-466,56,0,1,0
194,-466,53,0,1,0
206,-466,0,0,1,0
219,-466,-4,0,1,0
231,-466,-7,0,1,0
243,-466,-10,0,1,0
255,-466,-14,0,1,0
267,-466,-17,0,1,0
280,-466,-20,0,1,0
292,-466,-24,0,1,0
290,-466,-27,0,1,0
-414,-418,-30,0,1,0
-417,-418,-34,0,1,0
-407,-418,-37,0,1,0
-396,-418,-40,0,1,0
-385,-418,-44,0,1,0
-375,-418,-47,0,1,0
-364,-418,-50,0,1,0
-354,-418,-54,0,1,0
-343,-418,-57,0,1,0
-332,-418,-60,0,1,0
-322,-418,-64,0,1,0
-311,-418,-67,0,1,0
-301,-418,-70,0,1,0
-290,-418,-74,0,1,0
-279,-418,-77,0,1,0
-269,-418,-80,0,0,1
-258,-418,-84,0,0,1
-241,-418,-80,0,0,1
-224,-418,-77,0,0,1
-206,-418,-74,0,0,1
-189,-418,-70,0,0,1
-172,-418,0,0,0,1
-155,-418,3,0,0,1
-137,-418,6,1,0,1
-120,-418,10,1,0,1
-103,-418,13,1,0,1
-86,-418,16,1,0,1
-68,-418,19,1,0,1
-51,-418,23,1,0,1
-34,-418,26,1,0,1
-16,-418,29,1,0,1
1,-418,33,1,0,1
18,-418,36,1,0,1
35,-418,39,1,0,1
53,-418,43,1,0,1
70,-418,46,1,0,1
87,-418,49,1,0,1
104,-418,53,1,0,0
122,-418,56,1,0,0
136,-418,56,1,0,0
150,-418,56,1,0,0
163,-418,56,1,0,0
177,-418,56,0,0,0
191,-418,56,0,0,0
205,-418,56,0,0,0
219,-418,56,0,0,0
233,-418,56,0,0,0
247,-418,56,0,0,0
261,-418,56,0,1,0
275,-418,56,0,1,0
286,-418,53,0,1,0
296,-418,0,0,1,0
296,-418,-4,0,1,0
-407,-765,-7,0,1,0
-410,-765,-10,0,1,0
-388,-765,-14,0,1,0
-366,-765,-17,0,1,0
-344,-765,-20,0,1,0
-322,-765,-24,0,1,0
-300,-765,-27,0,1,0
-277,-765,-30,0,1,0
-255,-765,-34,0,1,0
-233,-765,-37,0,1,0
-211,-765,-40,0,1,0
-189,-765,-44,0,1,0
-167,-765,-47,0,1,0
-144,-765,-50,1,1,0
-122,-765,-54,1,1,0
-100,-765,-57,1,1,0
-78,-765,-60,1,1,0
-56,-765,-64,1,1,0
-34,-765,-67,1,1,0
-11,-765,-70,1,1,0
11,-765,-74,1,1,0
33,-765,-77,1,1,0
55,-765,-80,1,0,0
77,-765,-84,1,0,0
103,-765,-84,1,0,0
128,-765,-84,1,0,0
154,-765,-84,1,0,1
179,-765,-84,1,0,1
208,-765,0,1,0,1
223,-765,3,1,0,1
-474,-639,6,1,0,1
-470,-639,10,1,0,1
-446,-639,13,0,0,1
-421,-639,16,0,0,1
-397,-639,20,0,0,1
-372,-639,23,0,0,1
-347,-639,26,0,0,1
-323,-639,30,0,0,1
-298,-639,33,0,0,1
-273,-639,36,0,0,1
-249,-639,40,0,0,1
-224,-639,43,0,0,1
-200,-639,46,0,0,1
-175,-639,50,0,0,1
-150,-639,53,0,0,1
-126,-639,56,1,0,1
-101,-639,59,1,0,1
-76,-639,63,1,0,1
-52,-639,66,1,0,1
-27,-639,69,1,0,1
-2,-639,73,1,0,0
22,-639,76,1,0,0
43,-639,76,1,0,0
65,-639,76,1,0,0
86,-639,76,1,0,0
107,-639,76,1,1,0
129,-639,76,1,1,0
147,-639,73,1,1,0
165,-639,0,1,1,0
183,-639,-4,1,1,0
201,-639,-7,1,1,0
218,-639,-10,1,1,0
236,-639,-14,1,1,0
254,-639,-17,1,1,0
270,-639,-20,0,1,0
-434,-724,-24,0,1,0
-437,-724,-27,0,1,0
-416,-724,-30,0,1,0
-396,-724,-34,0,1,0
-375,-724,-37,0,1,0
-354,-724,-40,0,1,0
-333,-724,-44,0,1,0
-312,-724,-47,0,1,0
-292,-724,-50,0,1,0
-271,-724,-54,0,1,0
-250,-724,-57,0,1,0
-229,-724,-60,0,1,0
-208,-724,-64,0,1,0
-188,-724,-67,0,1,0
-167,-724,-70,0,1,0
-146,-724,-74,0,1,0
-125,-724,-77,0,0,1
-104,-724,-80,0,0,1
-77,-724,-77,0,0,1
-484,-673,166,0,0,1
-650,-749,0,0,0,0
-647,-749,3,0,0,0
-622,-749,3,0,0,0
-597,-749,3,0,0,0
-572,-749,3,0,0,0
-547,-749,3,0,0,0
-522,-749,3,0,0,1
-497,-749,3,0,0,1
-469,-749,6,0,0,1
-441,-749,10,0,0,1
-637,-406,13,0,0,1
-650,-417,0,0,0,0
-647,-417,3,0,0,0
-633,-417,3,0,0,0
-619,-417,3,0,0,0
-605,-417,3,0,0,1
-592,-417,3,0,0,1
-574,-417,6,0,0,1
-557,-417,10,0,0,1
-540,-417,13,0,0,1
-523,-417,16,0,0,1
-505,-417,20,0,0,1
-488,-417,23,0,0,1
-471,-417,26,0,0,1
-454,-417,29,0,0,1
-436,-417,33,0,0,1
-419,-417,36,0,0,1
-402,-417,0,0,0,1
-385,-417,3,0,0,1
-368,-417,6,0,0,1
-350,-417,9,0,0,1
-333,-417,13,0,0,1
-316,-417,16,0,0,1
-299,-417,19,0,0,1
-281,-417,23,0,0,1
-264,-417,26,0,0,1
-247,-417,29,0,0,1
-230,-417,33,0,0,1
-212,-417,36,0,0,1
-195,-417,39,0,0,1
-178,-417,43,1,0,1
-161,-417,46,1,0,1
-144,-417,49,1,0,1
-126,-417,53,1,0,1
-109,-417,56,1,0,1
-92,-417,60,1,0,1
-75,-417,63,1,0,1
-57,-417,66,1,0,1
-40,-417,70,1,0,1
-23,-417,73,1,0,1
-6,-417,76,1,0,1
12,-417,80,1,0,1
29,-417,83,1,0,1
46,-417,86,1,0,1
63,-417,90,1,0,1
81,-417,93,1,0,1
98,-417,96,1,0,1
115,-417,0,1,0,1
132,-417,3,1,0,1
149,-417,6,0,0,1
167,-417,10,0,0,1
184,-417,13,0,0,1
201,-417,16,0,0,1
210,-417,20,0,0,1
-487,-762,23,0,0,1
-484,-762,26,0,0,1
-455,-762,30,0,0,1
-426,-762,33,0,0,1
-398,-762,36,0,0,1
-369,-762,40,0,0,1
-340,-762,43,0,0,1
-311,-762,46,0,0,1
-283,-762,50,0,0,1
-254,-762,53,0,0,1
-225,-762,56,0,0,1
-196,-762,60,0,0,1
-168,-762,63,0,0,1
-139,-762,66,1,0,1
-110,-762,70,1,0,1
-82,-762,73,1,0,1
-53,-762,76,1,0,1
-24,-762,80,1,0,0
5,-762,83,1,0,0
30,-762,83,1,1,0
55,-762,83,1,1,0
77,-762,80,1,1,0
100,-762,76,1,1,0
122,-762,0,1,1,0
144,-762,-4,1,1,0
166,-762,-7,1,1,0
188,-762,-10,1,1,0
210,-762,-14,1,1,0
232,-762,-17,1,1,0
243,-762,-20,1,1,0
-460,-600,-24,1,1,0
-464,-600,-27,1,1,0
-447,-600,-31,0,1,0
-430,-600,-34,0,1,0
-414,-600,-37,0,1,0
-397,-600,-41,0,1,0
-380,-600,-44,0,1,0
-364,-600,-47,0,1,0
-347,-600,-51,0,1,0
-330,-600,-54,0,1,0
-314,-600,-57,0,1,0
-297,-600,-61,0,1,0
-280,-600,-64,0,1,0
-264,-600,-67,0,1,0
-247,-600,-71,0,1,0
-230,-600,-74,1,1,0
-214,-600,-77,1,0,0
-197,-600,-81,1,0,1
-177,-600,-81,1,0,1
-154,-600,-77,1,0,1
-130,-600,-74,1,0,1
-107,-600,-71,1,0,1
-84,-600,-67,1,0,1
-60,-600,0,1,0,1
-37,-600,3,1,0,1
-14,-600,6,1,0,1
10,-600,10,1,0,1
33,-600,13,1,0,1
56,-600,16,1,0,1
80,-600,20,1,0,1
103,-600,23,1,0,1
126,-600,26,1,0,1
150,-600,30,1,0,1
173,-600,33,1,0,1
196,-600,36,0,0,1
220,-600,40,0,0,1
243,-600,43,0,0,1
-454,-366,46,0,0,1
-450,-366,50,0,0,1
-435,-366,53,0,0,1
-419,-366,56,0,0,1
-404,-366,60,0,0,1
-388,-366,63,0,0,1
-373,-366,66,0,0,1
-357,-366,70,0,0,1
-342,-366,73,0,0,1
-326,-366,76,1,0,1
-311,-366,80,1,0,1
-295,-366,83,1,0,1
-280,-366,86,1,0,1
-264,-366,89,1,0,1
-249,-366,93,1,0,1
-233,-366,96,1,0,1
-217,-366,0,1,0,1
-202,-366,3,1,0,1
-186,-366,6,1,0,1
-171,-366,9,1,0,1
-155,-366,13,1,0,1
-140,-366,16,1,0,1
-124,-366,19,1,0,1
-109,-366,23,1,0,1
-93,-366,26,1,0,1
-78,-366,29,1,0,1
-62,-366,33,1,0,1
-364,-326,286,1,0,1
-650,-471,0,0,0,0
-647,-471,3,0,0,0
-631,-471,3,0,0,0
-616,-471,3,0,0,0
-600,-471,3,0,0,0
-584,-471,3,0,0,0
-569,-471,3,0,0,0
-553,-471,3,0,0,0
-537,-471,3,0,0,0
-522,-471,3,0,0,1
-506,-471,3,0,0,1
-487,-471,6,0,0,1
-468,-471,10,0,0,1
-449,-471,13,0,0,1
-430,-471,16,0,0,1
-411,-471,20,0,0,1
-392,-471,23,0,0,1
-373,-471,26,0,0,1
-354,-471,29,0,0,1
-335,-471,33,0,0,1
-316,-471,36,0,0,1
-296,-471,0,0,0,1
-277,-471,3,0,0,1
-258,-471,6,0,0,1
-239,-471,9,0,0,1
-220,-471,13,0,0,1
-201,-471,16,0,0,1
-182,-471,19,1,0,1
-163,-471,23,1,0,1
-144,-471,26,1,0,1
-125,-471,29,1,0,1
-106,-471,33,1,0,1
-87,-471,36,1,0,1
-68,-471,39,1,0,1
-49,-471,43,1,0,1
-30,-471,46,1,0,1
-11,-471,49,1,0,1
8,-471,53,1,0,1
27,-471,56,1,0,1
46,-471,60,1,0,0
65,-471,63,1,0,0
81,-471,63,1,0,0
97,-471,63,1,0,0
112,-471,63,1,0,1
128,-471,63,1,0,1
147,-471,66,1,0,1
160,-471,70,0,0,1
-537,-625,73,0,0,1
-534,-625,76,0,0,1
-510,-625,80,0,0,1
-485,-625,83,0,0,1
-461,-625,0,0,0,1
-437,-625,3,0,0,1
-413,-625,6,0,0,1
-389,-625,10,0,0,1
-365,-625,13,0,0,1
-340,-625,16,0,0,1
-316,-625,20,0,0,1
-292,-625,23,0,0,1
-268,-625,26,0,0,1
-244,-625,30,0,0,1
-220,-625,33,0,0,1
-195,-625,36,0,0,1
-171,-625,40,0,0,1
-147,-625,43,0,0,1
-123,-625,46,1,0,1
-99,-625,50,1,0,1
-75,-625,53,1,0,1
-50,-625,56,1,0,1
-26,-625,60,1,0,1
-2,-625,63,1,0,0
22,-625,66,1,0,0
43,-625,66,1,0,0
64,-625,66,1,0,0
85,-625,66,1,0,0
105,-625,66,1,1,0
126,-625,66,1,1,0
144,-625,63,1,1,0
161,-625,60,1,1,0
179,-625,56,1,1,0
196,-625,53,1,1,0
214,-625,0,1,1,0
223,-625,-4,1,1,0
-480,-589,-7,1,1,0
-484,-589,-11,0,1,0
-468,-589,-14,0,1,0
-451,-589,-17,0,1,0
-435,-589,-21,0,1,0
-419,-589,-24,0,1,0
-402,-589,-27,0,1,0
-386,-589,-31,0,1,0
-370,-589,-34,0,1,0
-353,-589,-37,0,1,0
-337,-589,-41,0,1,0
-321,-589,-44,0,1,0
-305,-589,-47,0,1,0
-288,-589,-51,0,1,0
-272,-589,-54,0,1,0
-256,-589,-57,0,1,0
-239,-589,-61,0,1,0
-223,-589,-64,0,1,0
-207,-589,-67,0,1,0
-190,-589,-71,0,1,0
-174,-589,-74,0,1,0
-158,-589,-77,1,1,0
-142,-589,-81,1,1,0
-125,-589,-84,1,0,1
-109,-589,-87,1,0,1
-86,-589,-84,1,0,1
-63,-589,-81,1,0,1
-40,-589,-77,1,0,1
-17,-589,0,1,0,1
6,-589,3,1,0,1
29,-589,6,1,0,1
52,-589,10,1,0,1
75,-589,13,1,0,1
98,-589,16,1,0,1
121,-589,20,1,0,1
144,-589,23,1,0,1
167,-589,26,1,0,1
183,-589,30,1,0,1
-514,-409,33,1,0,1
-510,-409,36,1,0,1
-494,-409,40,0,0,1
-477,-409,43,0,0,1
-460,-409,46,0,0,1
-443,-409,50,0,0,1
-426,-409,53,0,0,1
-409,-409,56,0,0,1
-392,-409,60,0,0,1
-375,-409,63,0,0,1
-358,-409,66,0,0,1
-341,-409,70,0,0,1
-324,-409,73,0,0,1
-307,-409,76,0,0,1
-290,-409,80,0,0,1
-273,-409,83,0,0,1
-256,-409,86,0,0,1
-239,-409,90,0,0,1
-222,-409,93,0,0,1
-205,-409,96,0,0,1
-188,-409,0,0,0,1
-171,-409,3,0,0,1
-154,-409,6,1,0,1
-137,-409,9,1,0,1
-120,-409,13,1,0,1
-103,-409,16,1,0,1
-86,-409,19,1,0,1
-69,-409,23,1,0,1
-52,-409,26,1,0,1
-35,-409,29,1,0,1
-18,-409,33,1,0,1
-2,-409,36,1,0,1
15,-409,39,1,0,1
32,-409,43,1,0,1
49,-409,46,1,0,1
66,-409,49,1,0,1
83,-409,53,1,0,1
100,-409,56,1,0,1
117,-409,59,1,0,1
134,-409,63,1,0,1
151,-409,66,1,0,0
168,-409,69,0,0,0
182,-409,69,0,1,0
195,-409,69,0,1,0
206,-409,66,0,1,0
216,-409,63,0,1,0
226,-409,59,0,1,0
237,-409,56,0,1,0
247,-409,53,0,1,0
257,-409,49,0,1,0
268,-409,0,0,1,0
278,-409,-4,0,1,0
288,-409,-7,0,1,0
290,-409,-10,0,1,0
-414,-620,-14,0,1,0
-417,-620,-17,0,1,0
-400,-620,-20,0,1,0
-382,-620,-24,0,1,0
-365,-620,-27,0,1,0
-348,-620,-30,0,1,0
-330,-620,-34,0,1,0
-313,-620,-37,0,1,0
-296,-620,-40,0,1,0
-279,-620,-44,0,1,0
-261,-620,-47,0,1,0
-244,-620,-50,0,1,0
-227,-620,-54,0,1,0
-209,-620,-57,0,1,0
-192,-620,-60,0,1,0
-175,-620,-64,0,1,0
-157,-620,-67,1,1,0
-140,-620,-70,1,1,0
-123,-620,-74,1,1,0
-105,-620,-77,1,1,0
-88,-620,-80,1,1,0
-70,-620,-84,1,1,0
-53,-620,-87,1,1,0
-36,-620,-90,1,0,1
-19,-620,-94,1,0,1
5,-620,-90,1,0,1
29,-620,0,1,0,1
53,-620,3,1,0,1
77,-620,6,1,0,1
101,-620,10,1,0,1
126,-620,13,1,0,1
150,-620,16,1,0,1
174,-620,20,1,0,1
198,-620,23,1,0,1
222,-620,26,1,0,1
243,-620,30,0,0,1
-454,-350,33,0,0,1
-450,-350,36,0,0,1
-435,-350,40,0,0,1
-420,-350,43,0,0,1
-405,-350,46,0,0,1
-390,-350,50,0,0,1
-375,-350,53,0,0,1
-361,-350,56,0,0,1
-346,-350,60,0,0,1
-331,-350,63,0,0,1
-316,-350,66,0,0,1
-301,-350,69,0,0,1
-286,-350,73,0,0,1
-271,-350,76,0,0,1
-256,-350,79,0,0,1
-241,-350,83,0,0,1
-226,-350,86,0,0,1
-211,-350,89,0,0,1
-196,-350,93,0,0,1
-181,-350,96,0,0,1
-166,-350,0,0,0,1
-151,-350,3,0,0,1
-136,-350,6,0,0,1
-121,-350,9,0,0,1
-106,-350,13,1,0,1
-91,-350,16,1,0,1
-76,-350,19,1,0,1
-61,-350,23,1,0,1
-46,-350,26,1,0,1
-31,-350,29,1,0,1
-16,-350,33,1,0,1
-1,-350,36,1,0,1
14,-350,39,1,0,1
29,-350,43,1,0,0
44,-350,46,1,0,0
56,-350,46,1,0,0
68,-350,46,1,0,0
79,-350,46,1,0,0
91,-350,46,1,0,0
103,-350,46,1,0,0
114,-350,46,1,0,0
126,-350,46,1,0,0
138,-350,46,1,0,0
149,-350,46,0,0,0
161,-350,46,0,0,0
173,-350,46,0,0,0
184,-350,46,0,0,0
196,-350,46,0,1,0
208,-350,46,0,1,0
216,-350,43,0,1,0
224,-350,0,0,1,0
233,-350,-4,0,1,0
241,-350,-7,0,1,0
249,-350,-10,0,1,0
258,-350,-14,0,1,0
266,-350,-17,0,1,0
274,-350,-20,0,1,0
283,-350,-24,0,1,0
291,-350,-27,0,1,0
299,-350,-30,0,1,0
308,-350,-34,0,1,0
316,-350,-37,0,1,0
313,-350,-40,0,1,0
-391,-689,-44,0,1,0
-394,-689,-47,0,1,0
-374,-689,-50,0,1,0
-355,-689,-54,0,1,0
-335,-689,-57,0,1,0
-315,-689,-60,0,1,0
-296,-689,-64,0,1,0
-276,-689,-67,0,1,0
-256,-689,-70,0,1,0
-237,-689,-74,0,1,0
-217,-689,-77,0,0,1
-197,-689,-80,0,0,1
-171,-689,-77,0,0,1
-145,-689,-74,0,0,1
-119,-689,-70,1,0,1
-92,-689,-67,1,0,1
-66,-689,-64,1,0,1
-40,-689,0,1,0,1
-13,-689,3,1,0,1
13,-689,6,1,0,1
39,-689,9,1,0,1
65,-689,13,1,0,1
92,-689,16,1,0,1
118,-689,19,1,0,0
144,-689,23,1,0,0
167,-689,23,1,0,0
190,-689,23,1,0,0
213,-689,23,1,0,0
236,-689,23,1,1,0
259,-689,23,1,0,0
279,-689,19,1,0,0
302,-689,19,1,0,0
313,-689,19,1,0,1
-387,-602,19,0,0,1
-384,-602,23,0,0,1
-360,-602,26,0,0,1
-337,-602,29,0,0,1
-314,-602,33,0,0,1
-290,-602,36,0,0,1
-267,-602,39,0,0,1
-243,-602,43,0,0,1
-220,-602,46,0,0,1
-197,-602,49,0,0,1
-173,-602,53,0,0,1
-150,-602,56,0,0,0
-126,-602,59,1,1,0
-106,-602,59,1,1,0
-90,-602,0,1,1,0
-73,-602,-4,1,1,0
-56,-602,-7,1,1,0
-39,-602,-10,1,1,0
-23,-602,-14,1,1,0
-6,-602,-17,1,0,0
11,-602,-20,1,0,0
31,-602,-20,1,0,0
51,-602,-20,1,0,0
71,-602,-20,1,0,0
91,-602,-20,1,0,1
111,-602,-20,1,0,1
135,-602,-17,1,0,1
158,-602,-14,1,0,1
181,-602,-10,1,0,1
205,-602,-7,1,0,1
228,-602,-4,1,0,1
252,-602,0,0,0,1
275,-602,3,0,0,1
298,-602,6,0,0,1
322,-602,9,0,0,1
345,-602,13,0,0,1
366,-602,16,0,0,0
-331,-784,19,0,0,0
-331,-784,19,0,0,0
-304,-784,19,0,0,0
-278,-784,19,0,1,0
-331,-691,319,0,1,0
-650,-526,0,0,0,0
-647,-526,3,0,0,0
-630,-526,3,0,0,1
-612,-526,3,0,0,1
-591,-526,6,0,0,1
-570,-526,10,0,0,1
-550,-526,13,0,0,1
-529,-526,16,0,0,1
-508,-526,20,0,0,1
-487,-526,23,0,0,1
-466,-526,26,0,0,1
-445,-526,29,0,0,1
-424,-526,33,0,0,1
-403,-526,36,0,0,1
-383,-526,39,0,0,1
-362,-526,43,0,0,1
-341,-526,46,0,0,1
-320,-526,49,0,0,1
-299,-526,53,0,0,1
-278,-526,0,0,0,1
-257,-526,3,0,0,1
-237,-526,6,0,0,1
-216,-526,9,0,0,1
-195,-526,13,0,0,1
-174,-526,16,0,0,1
-153,-526,19,0,0,1
-132,-526,23,1,0,1
-111,-526,26,1,0,1
-90,-526,29,1,0,1
-70,-526,33,1,0,1
-49,-526,36,1,0,1
-28,-526,40,1,0,1
-7,-526,43,1,0,1
14,-526,46,1,0,1
35,-526,50,1,0,1
56,-526,53,1,0,1
76,-526,56,1,0,1
97,-526,60,1,0,1
118,-526,63,1,0,1
139,-526,66,1,0,1
160,-526,70,1,0,1
180,-526,73,1,0,1
-517,-569,76,1,0,1
-514,-569,80,1,0,1
-492,-569,83,1,0,1
-469,-569,86,0,0,1
-447,-569,90,0,0,1
-425,-569,93,0,0,1
-402,-569,96,0,0,1
-380,-569,0,0,0,1
-358,-569,3,0,0,1
-335,-569,6,0,0,1
-313,-569,10,0,0,1
-291,-569,13,0,0,1
-269,-569,16,0,0,1
-246,-569,20,0,0,1
-224,-569,23,0,0,1
-202,-569,26,0,0,1
-179,-569,30,0,0,1
-157,-569,33,1,0,1
-135,-569,36,1,0,1
-112,-569,40,1,0,1
-90,-569,43,1,0,1
-68,-569,46,1,0,1
-46,-569,50,1,0,1
-23,-569,53,1,0,1
-1,-569,56,1,0,1
21,-569,60,1,0,1
44,-569,63,1,0,1
66,-569,66,1,0,1
88,-569,70,1,0,0
111,-569,73,1,0,0
130,-569,73,1,1,0
149,-569,73,1,1,0
164,-569,70,1,1,0
180,-569,66,1,1,0
195,-569,63,1,1,0
211,-569,60,1,1,0
227,-569,56,0,1,0
242,-569,0,0,1,0
256,-569,-4,0,1,0
-447,-637,-7,0,1,0
-450,-637,-10,0,1,0
-433,-637,-14,0,1,0
-415,-637,-17,0,1,0
-397,-637,-21,0,1,0
-379,-637,-24,0,1,0
-361,-637,-27,0,1,0
-343,-637,-31,0,1,0
-325,-637,-34,0,1,0
-307,-637,-37,0,1,0
-289,-637,-41,0,1,0
-271,-637,-44,0,1,0
-254,-637,-47,0,1,0
-236,-637,-51,0,1,0
-218,-637,-54,0,1,0
-200,-637,-57,0,1,0
-182,-637,-61,0,1,0
-164,-637,-64,1,1,0
-146,-637,-67,1,1,0
-128,-637,-71,1,1,0
-110,-637,-74,1,1,0
-92,-637,-77,1,1,0
-75,-637,-81,1,1,0
-57,-637,-84,1,1,0
-39,-637,-87,1,1,0
-21,-637,-91,1,0,1
-3,-637,-94,1,0,1
22,-637,-91,1,0,1
46,-637,0,1,0,1
71,-637,3,1,0,1
95,-637,6,1,0,1
120,-637,10,1,0,1
144,-637,13,1,0,1
169,-637,16,1,0,1
193,-637,20,1,0,1
-504,-499,23,1,0,1
-500,-499,26,0,0,1
-481,-499,30,0,0,1
-461,-499,33,0,0,1
-441,-499,36,0,0,1
-421,-499,40,0,0,1
-401,-499,43,0,0,1
-381,-499,46,0,0,1
-361,-499,50,0,0,1
-341,-499,53,0,0,1
-321,-499,56,0,0,1
-301,-499,60,0,0,1
-281,-499,63,0,0,1
-261,-499,66,0,0,1
-241,-499,70,0,0,1
-221,-499,73,0,0,1
-201,-499,76,0,0,1
-181,-499,80,0,0,1
-161,-499,83,0,0,1
-141,-499,86,0,0,1
-121,-499,90,0,0,1
-101,-499,93,1,0,1
-81,-499,96,1,0,1
-61,-499,0,1,0,1
-41,-499,3,1,0,1
-21,-499,6,1,0,1
-1,-499,9,1,0,1
19,-499,13,1,0,1
39,-499,16,1,0,1
59,-499,19,1,0,1
79,-499,23,1,0,1
98,-499,26,1,0,1
118,-499,29,1,0,1
138,-499,33,1,0,1
158,-499,36,1,0,1
178,-499,39,1,0,1
198,-499,43,1,0,1
218,-499,46,1,0,1
238,-499,49,1,0,1
258,-499,53,1,0,1
278,-499,56,0,0,1
298,-499,59,0,0,1
318,-499,63,0,0,1
338,-499,66,0,0,1
343,-499,69,0,0,1
-354,-658,73,0,0,1
-351,-658,76,0,0,1
-325,-658,79,0,0,1
-300,-658,83,0,0,1
-275,-658,86,0,0,1
-249,-658,89,0,0,1
-224,-658,93,0,0,1
-199,-658,96,0,0,1
-174,-658,0,0,0,1
-148,-658,3,0,0,1
-123,-658,6,1,0,1
-98,-658,9,1,0,1
-73,-658,13,1,0,1
-47,-658,16,1,0,1
-22,-658,19,1,0,1
3,-658,23,1,0,1
28,-658,26,1,0,1
54,-658,29,1,0,0
79,-658,33,1,0,0
101,-658,33,1,1,0
123,-658,33,1,1,0
141,-658,29,1,1,0
160,-658,26,1,1,0
179,-658,23,1,1,0
197,-658,19,1,1,0
216,-658,16,1,0,0
234,-658,13,1,0,0
256,-658,13,1,0,1
278,-658,13,1,0,1
304,-658,16,0,0,1
329,-658,19,0,0,1
354,-658,23,0,0,1
379,-658,26,0,0,0
403,-658,29,0,0,0
-297,-353,29,0,0,0
-297,-353,29,0,1,0
-285,-353,29,0,1,0
-277,-353,26,0,1,0
-269,-353,0,0,1,0
-260,-353,-4,0,1,0
-252,-353,-7,0,1,0
-243,-353,-10,0,1,0
-235,-353,-14,0,1,0
-226,-353,-17,0,1,0
-218,-353,-20,0,1,0
-210,-353,-24,0,1,0
-201,-353,-27,0,1,0
-193,-353,-30,0,1,0
-184,-353,-34,0,1,0
-176,-353,-37,0,1,0
-167,-353,-40,0,1,0
-159,-353,-44,0,1,0
-150,-353,-47,0,1,0
-142,-353,-50,0,1,0
-134,-353,-54,0,1,0
-125,-353,-57,0,1,0
-117,-353,-60,0,1,0
-108,-353,-64,0,1,0
-100,-353,-67,0,1,0
-91,-353,-70,0,1,0
-83,-353,-74,0,1,0
-75,-353,-77,0,1,0
-66,-353,-80,1,1,0
-58,-353,-84,1,1,0
-49,-353,-87,1,1,0
-41,-353,-90,1,1,0
-32,-353,-94,1,1,0
-24,-353,-97,1,1,0
-16,-353,0,1,1,0
-7,-353,-4,1,1,0
1,-353,-7,1,1,0
10,-353,-10,1,1,0
18,-353,-14,1,1,0
27,-353,-17,1,1,0
35,-353,-20,1,1,0
43,-353,-24,1,1,0
52,-353,-27,1,1,0
60,-353,-30,1,1,0
69,-353,-34,1,1,0
77,-353,-37,1,1,0
86,-353,-40,1,1,0
94,-353,-44,0,1,0
103,-353,-47,0,1,0
111,-353,-50,0,1,0
119,-353,-54,0,1,0
128,-353,-57,0,1,0
136,-353,-60,0,1,0
145,-353,-64,0,1,0
153,-353,-67,0,1,0
162,-353,-70,0,1,0
170,-353,-74,0,1,0
178,-353,-77,0,1,0
187,-353,-80,0,1,0
195,-353,-84,0,1,0
204,-353,-87,0,1,0
206,-353,-90,0,1,0
-497,-487,-94,0,1,0
-500,-487,-97,0,1,0
-488,-487,0,0,1,0
-475,-487,-4,0,1,0
-462,-487,-7,0,1,0
-449,-487,-11,0,0,0
-436,-487,-14,0,0,0
-420,-487,-14,0,0,0
-404,-487,-14,0,0,1
-387,-487,-14,0,0,1
-368,-487,-11,0,0,1
-348,-487,-7,0,0,1
-329,-487,-4,0,0,1
-309,-487,0,0,0,1
-289,-487,3,0,0,1
-270,-487,6,0,0,1
-250,-487,10,0,0,1
-231,-487,13,0,0,1
-211,-487,16,0,0,1
-192,-487,20,0,0,1
-172,-487,23,1,0,1
-152,-487,26,1,0,1
-133,-487,30,1,0,1
-113,-487,33,1,0,1
-94,-487,36,1,0,1
-74,-487,40,1,0,1
-55,-487,43,1,0,1
-35,-487,46,1,0,1
-16,-487,50,1,0,1
4,-487,53,1,0,1
24,-487,56,1,0,1
43,-487,60,1,0,0
63,-487,0,1,0,0
79,-487,0,1,1,0
95,-487,0,1,1,0
108,-487,-4,1,1,0
121,-487,-7,1,1,0
134,-487,-10,1,1,0
147,-487,-14,1,1,0
160,-487,-17,0,1,0
173,-487,-21,0,1,0
186,-487,-24,0,1,0
198,-487,-27,0,1,0
211,-487,-31,0,1,0
224,-487,-34,0,1,0
223,-487,-37,0,1,0
-480,-696,-41,0,1,0
-484,-696,-44,0,1,0
-464,-696,-47,0,1,0
-444,-696,-51,0,1,0
-424,-696,-54,0,1,0
-404,-696,-57,0,1,0
-384,-696,-61,0,1,0
-365,-696,-64,0,1,0
-345,-696,-67,0,1,0
-325,-696,-71,0,1,0
-305,-696,-74,0,1,0
-285,-696,-77,0,1,0
-265,-696,-81,0,1,0
-245,-696,-84,0,0,1
-226,-696,-87,0,0,1
-199,-696,-84,0,0,1
-172,-696,0,0,0,1
-146,-696,3,0,0,1
-119,-696,6,1,0,1
-93,-696,10,1,0,1
-66,-696,13,1,0,1
-40,-696,16,1,0,1
-13,-696,20,1,0,1
13,-696,23,1,0,1
40,-696,26,1,0,1
66,-696,30,1,0,1
93,-696,33,1,0,1
119,-696,36,1,0,1
146,-696,40,1,0,1
172,-696,43,1,0,1
199,-696,46,1,0,1
226,-696,50,1,0,0
233,-696,53,1,0,0
-467,-465,53,1,0,0
-467,-465,53,1,0,0
-452,-465,53,1,0,0
-436,-465,53,1,0,0
-421,-465,53,0,0,0
-405,-465,53,0,0,0
-390,-465,53,0,1,0
-374,-465,53,0,1,0
-362,-465,50,0,1,0
-350,-465,46,0,1,0
-338,-465,43,0,1,0
-325,-465,40,0,1,0
-313,-465,36,0,1,0
-301,-465,0,0,1,0
-289,-465,-4,0,1,0
-277,-465,-7,0,1,0
-265,-465,-11,0,1,0
-252,-465,-14,0,1,0
-240,-465,-17,0,0,0
-228,-465,-21,0,0,0
-213,-465,-21,0,0,0
-197,-465,-21,0,0,1
-182,-465,-21,0,0,1
-163,-465,-17,0,0,1
-144,-465,-14,0,0,1
-125,-465,-11,1,0,1
-106,-465,-7,1,0,1
-87,-465,-4,1,0,1
-69,-465,0,1,0,1
-50,-465,3,1,0,1
-31,-465,6,1,0,1
-12,-465,10,1,0,1
7,-465,13,1,0,1
26,-465,16,1,0,1
44,-465,20,1,0,1
63,-465,23,1,0,1
82,-465,26,1,0,1
101,-465,30,1,0,1
120,-465,33,1,0,1
139,-465,36,1,0,1
157,-465,40,1,0,1
176,-465,43,1,0,1
195,-465,46,1,0,1
214,-465,0,1,0,1
233,-465,3,0,0,1
252,-465,6,0,0,0
270,-465,9,0,0,0
273,-465,9,0,0,0
-427,-394,9,0,0,0
-427,-394,9,0,0,0
-414,-394,9,0,1,0
-401,-394,9,0,1,0
-391,-394,6,0,1,0
-381,-394,3,0,1,0
-371,-394,0,0,1,0
-362,-394,-4,0,1,0
-352,-394,-7,0,1,0
-342,-394,-10,0,1,0
-332,-394,-14,0,1,0
-322,-394,-17,0,1,0
-313,-394,-20,0,1,0
-303,-394,-24,0,1,0
-293,-394,-27,0,1,0
-283,-394,-31,0,1,0
-273,-394,-34,0,1,0
-264,-394,-37,0,1,0
-254,-394,-41,0,1,0
-244,-394,-44,0,1,0
-234,-394,-47,0,1,0
-225,-394,-51,0,1,0
-215,-394,-54,0,1,0
-205,-394,-57,0,1,0
-195,-394,-61,0,1,0
-185,-394,0,0,1,0
-176,-394,-4,0,1,0
-166,-394,-7,0,1,0
-156,-394,-11,0,0,1
-146,-394,-14,0,0,1
-130,-394,-11,1,0,1
-113,-394,-7,1,0,1
-97,-394,-4,1,0,1
-80,-394,0,1,0,1
-64,-394,3,1,0,1
-47,-394,6,1,0,1
-31,-394,10,1,0,1
-14,-394,13,1,0,1
2,-394,16,1,0,1
19,-394,20,1,0,1
35,-394,23,1,0,1
51,-394,26,1,0,1
68,-394,30,1,0,1
84,-394,33,1,0,1
101,-394,36,1,0,1
117,-394,40,1,0,0
134,-394,43,1,0,0
147,-394,43,1,0,0
160,-394,43,1,0,0
173,-394,43,0,0,0
186,-394,43,0,1,0
199,-394,43,0,1,0
209,-394,40,0,1,0
219,-394,36,0,1,0
229,-394,33,0,1,0
230,-394,0,0,1,0
-474,-674,-4,0,1,0
-477,-674,-7,0,1,0
-458,-674,-11,0,1,0
-439,-674,-14,0,1,0
-420,-674,-17,0,1,0
-401,-674,-21,0,1,0
-381,-674,-24,0,1,0
-362,-674,-27,0,1,0
-343,-674,-31,0,1,0
-324,-674,-34,0,1,0
-305,-674,-37,0,1,0
-286,-674,-41,0,1,0
-267,-674,-44,0,1,0
-248,-674,-47,0,1,0
-228,-674,-51,0,1,0
-209,-674,-54,0,1,0
-190,-674,-57,0,1,0
-171,-674,-61,1,1,0
-152,-674,-64,1,1,0
-133,-674,-67,1,1,0
-114,-674,-71,1,1,0
-95,-674,-74,1,1,0
-75,-674,-77,1,1,0
-56,-674,-81,1,1,0
-37,-674,-84,1,1,0
-18,-674,-87,1,1,0
1,-674,-91,1,0,0
20,-674,-94,1,0,1
43,-674,-94,1,0,1
69,-674,0,1,0,1
94,-674,3,1,0,1
120,-674,6,1,0,1
146,-674,10,1,0,1
153,-674,13,1,0,1
-544,-591,16,1,0,1
-540,-591,20,1,0,1
-517,-591,23,0,0,1
-494,-591,26,0,0,1
-471,-591,30,0,0,1
-448,-591,33,0,0,1
-425,-591,36,0,0,1
-402,-591,40,0,0,1
-379,-591,43,0,0,1
-356,-591,46,0,0,1
-333,-591,50,0,0,1
-310,-591,53,0,0,1
-287,-591,56,0,0,1
-264,-591,60,0,0,1
-241,-591,63,0,0,1
-218,-591,66,0,0,1
-195,-591,70,0,0,1
-172,-591,73,0,0,1
-149,-591,76,0,0,1
-126,-591,80,1,0,1
-103,-591,83,1,0,1
-80,-591,86,1,0,1
-57,-591,90,1,0,1
-34,-591,93,1,0,1
-11,-591,96,1,0,1
12,-591,0,1,0,1
35,-591,3,1,0,1
58,-591,6,1,0,1
81,-591,10,1,0,1
104,-591,13,1,0,1
127,-591,16,1,0,1
151,-591,20,1,0,1
174,-591,23,1,0,1
197,-591,26,1,0,1
220,-591,29,1,0,1
243,-591,33,1,0,1
266,-591,36,1,0,1
280,-591,39,1,0,1
-417,-752,43,0,0,1
-414,-752,46,0,0,1
-385,-752,49,0,0,1
-357,-752,53,0,0,1
-329,-752,56,0,0,1
-300,-752,59,0,0,1
-272,-752,63,0,0,1
-243,-752,66,0,0,1
-215,-752,69,0,0,1
-187,-752,73,0,0,1
-158,-752,76,0,0,1
-130,-752,79,0,0,1
-101,-752,83,0,0,1
-73,-752,86,1,0,1
-371,-623,279,1,0,1
-650,-630,0,0,0,0
-647,-630,3,0,0,0
-626,-630,3,0,0,0
-605,-630,3,0,0,0
-584,-630,3,0,0,0
-563,-630,3,0,0,0
-542,-630,3,0,0,0
-521,-630,3,0,0,0
-500,-630,3,0,0,0
-479,-630,3,0,0,0
-458,-630,3,0,0,1
-437,-630,3,0,0,1
-413,-630,6,0,0,1
-388,-630,10,0,0,1
-364,-630,13,0,0,1
-340,-630,16,0,0,1
-315,-630,20,0,0,1
-291,-630,23,0,0,1
-267,-630,26,0,0,1
-242,-630,0,0,0,1
-218,-630,3,0,0,1
-194,-630,6,0,0,1
-170,-630,9,0,0,1
-145,-630,13,0,0,1
-121,-630,16,0,0,1
-97,-630,19,0,0,1
-72,-630,23,1,0,1
-594,-371,56,1,0,1
-650,-619,0,0,0,0
-647,-619,3,0,0,0
-627,-619,3,0,0,0
-606,-619,3,0,0,0
-585,-619,3,0,0,0
-565,-619,3,0,0,0
-544,-619,3,0,0,1
-523,-619,3,0,0,1
-499,-619,6,0,0,1
-475,-619,10,0,0,1
-451,-619,13,0,0,1
-428,-619,16,0,0,1
-404,-619,20,0,0,1
-380,-619,23,0,0,1
-356,-619,26,0,0,1
-332,-619,29,0,0,1
-308,-619,33,0,0,1
-284,-619,36,0,0,1
-260,-619,39,0,0,1
-236,-619,43,0,0,1
-212,-619,46,0,0,1
-188,-619,49,0,0,1
-164,-619,53,1,0,1
-140,-619,0,1,0,1
-116,-619,3,1,0,1
-92,-619,6,1,0,1
-68,-619,9,1,0,1
-44,-619,13,1,0,1
-20,-619,16,1,0,1
4,-619,19,1,0,1
28,-619,23,1,0,1
52,-619,26,1,0,1
76,-619,29,1,0,1
100,-619,33,1,0,1
124,-619,36,1,0,1
146,-619,40,1,0,1
-550,-415,43,1,0,1
-547,-415,46,1,0,1
-530,-415,50,1,0,1
-513,-415,53,1,0,1
-496,-415,56,1,0,1
-478,-415,60,0,0,1
-461,-415,63,0,0,1
-444,-415,66,0,0,1
-427,-415,70,0,0,1
-410,-415,73,0,0,1
-393,-415,76,0,0,1
-375,-415,80,0,0,1
-358,-415,83,0,0,1
-341,-415,86,0,0,1
-324,-415,90,0,0,1
-307,-415,93,0,0,1
-290,-415,96,0,0,1
-272,-415,0,0,0,1
-255,-415,3,0,0,1
-238,-415,6,0,0,1
-221,-415,10,0,0,1
-204,-415,13,0,0,1
-187,-415,16,0,0,1
-169,-415,20,0,0,1
-152,-415,23,0,0,1
-135,-415,26,1,0,1
-118,-415,30,1,0,1
-101,-415,33,1,0,1
-84,-415,36,1,0,1
-66,-415,40,1,0,1
-49,-415,43,1,0,1
-32,-415,46,1,0,1
-15,-415,50,1,0,1
2,-415,53,1,0,1
19,-415,56,1,0,1
37,-415,60,1,0,0
54,-415,63,1,0,0
68,-415,63,1,0,0
81,-415,63,1,0,0
95,-415,63,1,1,0
109,-415,63,1,1,0
120,-415,60,1,1,0
130,-415,56,1,1,0
141,-415,53,1,1,0
151,-415,50,0,1,0
162,-415,46,0,1,0
172,-415,43,0,1,0
183,-415,0,0,1,0
193,-415,-4,0,1,0
204,-415,-7,0,1,0
214,-415,-11,0,1,0
225,-415,-14,0,1,0
230,-415,-17,0,1,0
-474,-390,-21,0,1,0
-477,-390,-24,0,1,0
-467,-390,-27,0,1,0
-458,-390,-31,0,1,0
-448,-390,-34,0,1,0
-438,-390,-37,0,1,0
-429,-390,-41,0,1,0
-419,-390,-44,0,1,0
-409,-390,-47,0,1,0
-400,-390,-51,0,1,0
-390,-390,-54,0,1,0
-380,-390,-57,0,1,0
-371,-390,-61,0,1,0
-361,-390,-64,0,1,0
-351,-390,-67,0,1,0
-342,-390,-71,0,1,0
-332,-390,-74,0,1,0
-322,-390,-77,0,1,0
-313,-390,-81,0,0,1
-303,-390,-84,0,0,1
-287,-390,-81,0,0,1
-270,-390,-77,0,0,1
-254,-390,-74,0,0,1
-238,-390,-71,0,0,1
-221,-390,0,0,0,1
-205,-390,3,0,0,1
-189,-390,6,0,0,1
-172,-390,10,0,0,1
-156,-390,13,0,0,1
-140,-390,16,1,0,1
-123,-390,20,1,0,1
-107,-390,23,1,0,1
-91,-390,26,1,0,1
-74,-390,30,1,0,1
-58,-390,33,1,0,1
-42,-390,36,1,0,1
-25,-390,40,1,0,1
-9,-390,43,1,0,1
7,-390,46,1,0,1
24,-390,50,1,0,1
40,-390,53,1,0,1
56,-390,56,1,0,1
73,-390,60,1,0,0
89,-390,63,1,0,0
102,-390,63,1,0,0
115,-390,63,1,0,0
128,-390,63,1,1,0
141,-390,63,1,1,0
151,-390,60,0,1,0
160,-390,56,0,1,0
170,-390,53,0,1,0
180,-390,50,0,1,0
189,-390,46,0,1,0
199,-390,43,0,1,0
209,-390,0,0,1,0
216,-390,-4,0,1,0
-487,-492,-7,0,1,0
-490,-492,-11,0,1,0
-477,-492,-14,0,1,0
-464,-492,-17,0,1,0
-451,-492,-21,0,1,0
-438,-492,-24,0,1,0
-425,-492,-27,0,1,0
-412,-492,-31,0,1,0
-399,-492,-34,0,1,0
-386,-492,-37,0,1,0
-373,-492,-41,0,1,0
-360,-492,-44,0,1,0
-347,-492,-47,0,1,0
-334,-492,-51,0,1,0
-321,-492,-54,0,1,0
-308,-492,-57,0,1,0
-295,-492,-61,0,1,0
-281,-492,-64,0,1,0
-268,-492,-67,0,1,0
-255,-492,-71,0,1,0
-242,-492,-74,0,1,0
-229,-492,-77,0,1,0
-216,-492,-81,0,0,0
-203,-492,-84,0,0,1
-187,-492,-84,0,0,1
-167,-492,-81,0,0,1
-147,-492,-77,1,0,1
-127,-492,-74,1,0,1
-108,-492,0,1,0,1
-88,-492,3,1,0,1
-68,-492,6,1,0,1
-49,-492,10,1,0,1
-29,-492,13,1,0,1
-9,-492,16,1,0,1
11,-492,20,1,0,1
30,-492,23,1,0,1
50,-492,26,1,0,1
70,-492,30,1,0,0
90,-492,33,1,0,0
106,-492,33,1,0,0
122,-492,33,1,0,1
139,-492,33,1,0,1
159,-492,36,1,0,1
178,-492,40,1,0,1
193,-492,43,1,0,1
-504,-724,46,0,0,1
-500,-724,50,0,0,1
-473,-724,53,0,0,1
-446,-724,56,0,0,1
-418,-724,60,0,0,1
-391,-724,63,0,0,1
-363,-724,66,0,0,1
-336,-724,70,0,0,1
-308,-724,73,0,0,1
-281,-724,76,0,0,1
-253,-724,80,0,0,1
-226,-724,83,0,0,1
-198,-724,86,0,0,1
-171,-724,0,0,0,1
-143,-724,3,1,0,1
-116,-724,6,1,0,1
-88,-724,10,1,0,1
-61,-724,13,1,0,1
-34,-724,16,1,0,1
-6,-724,20,1,0,1
21,-724,23,1,0,1
49,-724,26,1,0,1
76,-724,29,1,0,1
104,-724,33,1,0,1
131,-724,36,1,0,1
159,-724,39,1,0,0
186,-724,43,1,0,0
210,-724,43,1,0,0
234,-724,43,1,0,0
259,-724,43,1,0,0
283,-724,43,1,0,0
283,-724,43,1,0,0
-417,-432,43,1,0,0
-417,-432,43,0,0,0
-403,-432,43,0,0,0
-388,-432,43,0,0,0
-374,-432,43,0,0,0
-360,-432,43,0,0,0
-345,-432,43,0,0,0
-331,-432,43,0,0,0
-316,-432,43,0,0,1
-302,-432,43,0,0,1
-284,-432,46,0,0,1
-267,-432,0,0,0,1
-249,-432,3,0,0,1
-231,-432,6,0,0,1
-213,-432,9,0,0,1
-196,-432,13,1,0,1
-178,-432,16,1,0,1
-160,-432,19,1,0,1
-142,-432,23,1,0,1
-125,-432,26,1,0,1
-107,-432,29,1,0,1
-89,-432,33,1,0,1
-71,-432,36,1,0,1
-54,-432,39,1,0,1
-36,-432,43,1,0,1
-18,-432,46,1,0,1
-1,-432,49,1,0,1
17,-432,53,1,0,1
35,-432,56,1,0,1
53,-432,59,1,0,1
70,-432,63,1,0,1
88,-432,66,1,0,1
106,-432,69,1,0,1
124,-432,73,1,0,1
141,-432,76,0,0,1
159,-432,79,0,0,1
177,-432,83,0,0,0
195,-432,86,0,0,0
209,-432,86,0,1,0
223,-432,86,0,1,0
234,-432,83,0,1,0
245,-432,0,0,1,0
257,-432,-4,0,1,0
268,-432,-7,0,1,0
279,-432,-10,0,1,0
290,-432,-14,0,1,0
301,-432,-17,0,1,0
312,-432,-20,0,1,0
323,-432,-24,0,1,0
334,-432,-27,0,1,0
339,-432,-30,0,1,0
-364,-546,-34,0,1,0
-367,-546,-37,0,1,0
-352,-546,-40,0,1,0
-337,-546,-44,0,1,0
-323,-546,-47,0,1,0
-308,-546,-50,0,1,0
-293,-546,-54,0,1,0
-278,-546,-57,0,1,0
-263,-546,-60,0,1,0
-248,-546,-64,0,1,0
-233,-546,-67,0,1,0
-218,-546,-70,0,1,0
-204,-546,-74,0,1,0
-189,-546,-77,0,1,0
-174,-546,-80,0,1,0
-159,-546,-84,0,0,0
-144,-546,-87,0,0,0
-126,-546,-87,1,0,1
-108,-546,-87,1,0,1
-86,-546,-84,1,0,1
-65,-546,0,1,0,1
-43,-546,3,1,0,1
-22,-546,6,1,0,1
0,-546,9,1,0,1
21,-546,13,1,0,1
43,-546,16,1,0,1
65,-546,19,1,0,1
86,-546,23,1,0,1
108,-546,26,1,0,1
129,-546,29,1,0,1
151,-546,33,1,0,1
172,-546,36,1,0,1
194,-546,39,1,0,1
215,-546,43,1,0,1
237,-546,46,1,0,1
258,-546,49,1,0,1
280,-546,53,0,0,1
301,-546,56,0,0,1
323,-546,59,0,0,1
344,-546,63,0,0,1
356,-546,66,0,0,1
-341,-715,69,0,0,1
-337,-715,73,0,0,1
-310,-715,76,0,0,1
-283,-715,79,0,0,1
-256,-715,83,0,0,1
-229,-715,86,0,0,1
-201,-715,89,0,0,1
-174,-715,93,0,0,1
-147,-715,96,0,0,1
-120,-715,0,1,0,1
-93,-715,3,1,0,1
-66,-715,6,1,0,1
-38,-715,9,1,0,1
-11,-715,13,1,0,1
16,-715,16,1,0,1
43,-715,19,1,0,1
70,-715,23,1,0,1
97,-715,26,1,0,1
125,-715,29,1,0,1
152,-715,33,1,0,0
179,-715,36,1,0,0
203,-715,36,1,0,0
227,-715,36,1,0,0
250,-715,36,1,0,0
274,-715,36,1,1,0
298,-715,36,1,1,0
319,-715,33,1,0,0
339,-715,29,1,0,0
363,-715,29,0,0,0
387,-715,29,0,0,0
411,-715,29,0,0,0
419,-715,29,0,0,0
-281,-760,29,0,0,0
-281,-760,29,0,0,0
-255,-760,29,0,0,0
-230,-760,29,0,1,0
-205,-760,29,0,1,0
-183,-760,26,0,1,0
-161,-760,23,0,1,0
-139,-760,0,0,1,0
-117,-760,-4,0,1,0
-95,-760,-7,1,1,0
-73,-760,-10,1,1,0
-51,-760,-14,1,1,0
-29,-760,-17,1,1,0
-7,-760,-20,1,1,0
15,-760,-24,1,1,0
37,-760,-27,1,1,0
59,-760,-30,1,1,0
81,-760,-34,1,1,0
103,-760,-37,1,1,0
125,-760,-40,1,1,0
147,-760,-44,1,1,0
169,-760,-47,1,1,0
191,-760,-50,1,1,0
213,-760,-54,1,1,0
235,-760,-57,1,1,0
257,-760,-60,1,1,0
279,-760,-64,1,1,0
301,-760,-67,1,1,0
323,-760,-70,0,1,0
336,-760,-74,0,1,0
-367,-764,-77,0,1,0
-371,-764,-80,0,1,0
-348,-764,-84,0,1,0
-326,-764,-87,0,1,0
-304,-764,-90,0,1,0
-282,-764,-94,0,1,0
-260,-764,-97,0,1,0
-238,-764,0,0,1,0
-216,-764,-4,0,1,0
-193,-764,-7,0,1,0
-171,-764,-10,0,1,0
-149,-764,-14,0,1,0
-127,-764,-17,0,1,0
-105,-764,-20,0,1,0
-83,-764,-24,1,1,0
-61,-764,-27,1,1,0
-38,-764,-30,1,1,0
-16,-764,-34,1,1,0
6,-764,-37,1,1,0
28,-764,-40,1,1,0
50,-764,-44,1,1,0
72,-764,-47,1,1,0
94,-764,-50,1,1,0
116,-764,-54,1,1,0
139,-764,-57,1,1,0
161,-764,-60,1,1,0
183,-764,-64,1,1,0
205,-764,-67,1,1,0
227,-764,-70,1,1,0
236,-764,-74,1,1,0
-467,-584,-77,1,1,0
-470,-584,-80,1,1,0
-454,-584,-84,1,1,0
-438,-584,-87,0,1,0
-422,-584,-90,0,1,0
-406,-584,-94,0,1,0
-390,-584,-97,0,1,0
-374,-584,0,0,0,0
-358,-584,-4,0,0,1
-338,-584,-4,0,0,1
-315,-584,0,0,0,1
-292,-584,3,0,0,1
-270,-584,6,0,0,1
-247,-584,10,0,0,1
-224,-584,13,0,0,1
-201,-584,16,0,0,1
-178,-584,20,0,0,1
-156,-584,23,0,0,1
-133,-584,26,1,0,1
-110,-584,30,1,0,1
-87,-584,33,1,0,1
-64,-584,36,1,0,1
-42,-584,40,1,0,1
-19,-584,43,1,0,1
4,-584,46,1,0,1
27,-584,50,1,0,1
50,-584,53,1,0,1
72,-584,56,1,0,1
95,-584,60,1,0,0
118,-584,63,1,0,0
137,-584,63,1,0,0
157,-584,63,1,1,0
176,-584,63,1,1,0
192,-584,60,1,1,0
209,-584,56,1,1,0
225,-584,53,1,1,0
241,-584,50,1,1,0
256,-584,0,0,1,0
-447,-750,-4,0,1,0
-450,-750,-7,0,1,0
-429,-750,-11,0,1,0
-407,-750,-14,0,1,0
-385,-750,-17,0,1,0
-364,-750,-21,0,1,0
-342,-750,-24,0,1,0
-320,-750,-27,0,1,0
-299,-750,-31,0,1,0
-277,-750,-34,0,1,0
-255,-750,-37,0,1,0
-234,-750,-41,0,1,0
-212,-750,-44,0,1,0
-190,-750,-47,0,1,0
-169,-750,-51,0,1,0
-147,-750,-54,0,1,0
-125,-750,-57,1,1,0
-104,-750,-61,1,1,0
-82,-750,-64,1,1,0
-60,-750,-67,1,1,0
-39,-750,-71,1,1,0
-17,-750,-74,1,1,0
5,-750,-77,1,1,0
26,-750,-81,1,1,0
48,-750,-84,1,1,0
70,-750,-87,1,0,0
91,-750,-91,1,0,0
116,-750,-91,1,0,1
141,-750,-91,1,0,1
170,-750,0,1,0,1
-527,-503,3,1,0,1
-524,-503,6,1,0,1
-504,-503,10,1,0,1
-484,-503,13,1,0,1
-464,-503,16,1,0,1
-443,-503,20,0,0,1
-423,-503,23,0,0,1
-403,-503,26,0,0,1
-383,-503,30,0,0,1
-363,-503,33,0,0,1
-343,-503,36,0,0,1
-323,-503,40,0,0,1
-303,-503,43,0,0,1
-283,-503,46,0,0,1
-263,-503,50,0,0,1
-242,-503,53,0,0,1
-222,-503,56,0,0,1
-202,-503,60,0,0,1
-182,-503,63,0,0,1
-162,-503,66,0,0,1
-142,-503,70,0,0,1
-122,-503,73,0,0,1
-102,-503,76,1,0,1
-82,-503,80,1,0,1
-62,-503,83,1,0,1
-41,-503,86,1,0,1
-21,-503,90,1,0,1
-1,-503,93,1,0,1
19,-503,96,1,0,1
39,-503,0,1,0,0
59,-503,3,1,0,0
76,-503,3,1,1,0
93,-503,3,1,1,0
106,-503,0,1,1,0
119,-503,-4,1,1,0
133,-503,-7,1,1,0
146,-503,-10,1,1,0
160,-503,-14,1,1,0
173,-503,-17,1,1,0
187,-503,-20,1,1,0
200,-503,-24,1,1,0
213,-503,-27,0,1,0
227,-503,-30,0,1,0
236,-503,-34,0,1,0
-467,-762,-37,0,1,0
-470,-762,-40,0,1,0
-448,-762,-44,0,1,0
-426,-762,-47,0,1,0
-404,-762,-51,0,1,0
-382,-762,-54,0,1,0
-360,-762,-57,0,1,0
-338,-762,-61,0,1,0
-316,-762,-64,0,1,0
-294,-762,-67,0,1,0
-272,-762,-71,0,1,0
-250,-762,-74,0,0,1
-228,-762,-77,0,0,1
-199,-762,-74,0,0,1
-170,-762,-71,0,0,1
-142,-762,0,0,0,1
-113,-762,3,1,0,1
-84,-762,6,1,0,1
-55,-762,10,1,0,1
-27,-762,13,1,0,1
2,-762,16,1,0,1
31,-762,20,1,0,1
60,-762,23,1,0,1
88,-762,26,1,0,1
117,-762,30,1,0,1
146,-762,33,1,0,1
174,-762,36,1,0,1
203,-762,40,1,0,0
232,-762,43,1,0,0
246,-762,43,1,0,0
-454,-305,43,1,0,0
-454,-305,43,1,0,0
-444,-305,43,1,0,1
-433,-305,43,1,0,1
-420,-305,46,1,0,1
-406,-305,50,0,0,1
-393,-305,53,0,0,1
-379,-305,56,0,0,1
-366,-305,60,0,0,1
-353,-305,63,0,0,1
-339,-305,66,0,0,1
-326,-305,70,0,0,1
-312,-305,73,0,0,1
-299,-305,76,0,0,1
-285,-305,80,0,0,1
-272,-305,0,0,0,1
-258,-305,3,0,0,1
-245,-305,6,0,0,1
-231,-305,9,0,0,1
-218,-305,13,0,0,1
-204,-305,16,0,0,1
-191,-305,19,0,0,1
-177,-305,23,0,0,1
-164,-305,26,0,0,1
-150,-305,29,0,0,1
-137,-305,33,1,0,1
-123,-305,36,1,0,1
-110,-305,39,1,0,1
-96,-305,43,1,0,1
-83,-305,46,1,0,1
-69,-305,49,1,0,1
-56,-305,53,1,0,1
-42,-305,56,1,0,1
-29,-305,59,1,0,1
-15,-305,63,1,0,1
-2,-305,66,1,0,0
12,-305,69,1,0,0
22,-305,69,1,0,0
32,-305,69,1,0,0
42,-305,69,1,0,0
53,-305,69,1,0,0
63,-305,69,1,0,0
73,-305,69,1,0,0
83,-305,69,1,1,0
93,-305,69,0,1,0
100,-305,0,0,1,0
107,-305,-4,0,1,0
114,-305,-7,0,1,0
121,-305,-10,0,1,0
127,-305,-14,0,1,0
134,-305,-17,0,1,0
141,-305,-20,0,1,0
148,-305,-24,0,1,0
155,-305,-27,0,1,0
162,-305,-30,0,1,0
168,-305,-34,0,1,0
175,-305,-37,0,1,0
182,-305,-40,0,1,0
189,-305,-44,0,1,0
196,-305,-47,0,1,0
203,-305,-50,0,1,0
209,-305,-54,0,1,0
216,-305,-57,0,1,0
223,-305,-60,0,1,0
230,-305,-64,0,1,0
237,-305,-67,0,1,0
244,-305,-70,0,1,0
250,-305,-74,0,1,0
257,-305,-77,0,1,0
264,-305,-80,0,1,0
270,-305,-84,0,1,0
-434,-377,-87,0,1,0
-437,-377,-90,0,1,0
-428,-377,-94,0,1,0
-419,-377,-97,0,1,0
-409,-377,0,0,1,0
-400,-377,-4,0,1,0
-391,-377,-7,0,1,0
-382,-377,-11,0,1,0
-373,-377,-14,0,1,0
-363,-377,-17,0,1,0
-354,-377,-21,0,1,0
-345,-377,-24,0,1,0
-336,-377,-27,0,1,0
-326,-377,-31,0,1,0
-317,-377,-34,0,1,0
-308,-377,-37,0,1,0
-299,-377,-41,0,1,0
-289,-377,-44,0,1,0
-280,-377,-47,0,1,0
-271,-377,-51,0,1,0
-262,-377,-54,0,1,0
-252,-377,-57,0,1,0
-243,-377,-61,0,1,0
-234,-377,-64,0,1,0
-225,-377,-67,0,1,0
-216,-377,-71,0,1,0
-206,-377,-74,0,1,0
-197,-377,-77,0,1,0
-188,-377,-81,0,1,0
-179,-377,-84,0,1,0
-169,-377,-87,0,1,0
-160,-377,-91,0,1,0
-151,-377,-94,0,0,0
-142,-377,-97,0,0,0
-129,-377,0,0,0,0
-117,-377,0,1,0,0
-104,-377,0,1,0,0
-91,-377,0,1,0,0
-79,-377,0,1,0,0
-66,-377,0,1,0,1
-54,-377,0,1,0,1
-38,-377,3,1,0,1
-22,-377,6,1,0,1
-6,-377,10,1,0,1
10,-377,13,1,0,1
26,-377,16,1,0,1
42,-377,20,1,0,1
58,-377,23,1,0,1
73,-377,26,1,0,1
89,-377,30,1,0,1
105,-377,33,1,0,1
121,-377,36,1,0,1
137,-377,40,1,0,1
153,-377,43,1,0,1
169,-377,46,0,0,1
185,-377,50,0,0,0
201,-377,53,0,0,0
210,-377,53,0,0,0
-490,-747,53,0,0,0
-490,-747,53,0,0,0
-466,-747,53,0,0,0
-441,-747,53,0,0,0
-416,-747,53,0,0,0
-391,-747,53,0,0,0
-366,-747,0,0,0,0
-341,-747,0,0,0,0
-316,-747,0,0,0,0
-291,-747,0,0,0,0
-266,-747,0,0,0,0
-242,-747,0,0,0,1
-217,-747,0,0,0,1
-188,-747,3,0,0,1
-160,-747,6,0,0,1
-132,-747,10,0,0,1
-104,-747,13,1,0,1
-75,-747,16,1,0,1
-47,-747,20,1,0,1
-19,-747,23,1,0,1
9,-747,26,1,0,1
37,-747,30,1,0,1
66,-747,33,1,0,1
94,-747,36,1,0,0
122,-747,40,1,0,0
147,-747,40,1,0,0
172,-747,40,1,0,0
197,-747,40,1,0,0
222,-747,40,1,0,0
247,-747,40,1,0,0
250,-747,40,1,0,0
-450,-771,40,1,0,0
-450,-771,40,1,1,0
-425,-771,40,1,1,0
-402,-771,36,1,1,0
-380,-771,33,0,1,0
-358,-771,0,0,1,0
-335,-771,-4,0,1,0
-313,-771,-7,0,1,0
-291,-771,-11,0,1,0
-268,-771,-14,0,1,0
-246,-771,-17,0,1,0
-223,-771,-21,0,1,0
-201,-771,-24,0,1,0
-179,-771,-27,0,1,0
-156,-771,-31,0,1,0
-134,-771,-34,0,1,0
-112,-771,-37,1,1,0
-89,-771,-41,1,1,0
-67,-771,-44,1,1,0
-45,-771,-47,1,1,0
-22,-771,-51,1,1,0
0,-771,-54,1,1,0
23,-771,-57,1,1,0
45,-771,-61,1,0,0
67,-771,-64,1,0,0
93,-771,-64,1,0,0
119,-771,-64,1,0,0
144,-771,-64,1,0,0
170,-771,-64,1,0,1
176,-771,-64,1,0,1
-520,-573,-61,1,0,1
-517,-573,-57,1,0,1
-495,-573,-54,1,0,1
-472,-573,-51,1,0,1
-450,-573,-47,1,0,1
-427,-573,0,0,0,1
-405,-573,3,0,0,1
-383,-573,6,0,0,1
-360,-573,10,0,0,1
-338,-573,13,0,0,1
-315,-573,16,0,0,0
-293,-573,20,0,0,0
-274,-573,20,0,0,0
-255,-573,20,0,0,0
-236,-573,20,0,0,0
-216,-573,20,0,0,0
-197,-573,20,0,0,0
-178,-573,20,0,0,0
-159,-573,20,0,0,1
-140,-573,20,0,0,1
-118,-573,23,0,0,1
-95,-573,26,0,0,1
-73,-573,30,0,0,1